Rankings	Company	Industry
1.	Berkshire Hathaway	Diversified Financials
2.	ICBC	Banking
3.	Saudi Arabian Oil Company (Saudi Aramco)	Oil & Gas Operations
4.	JPMorgan Chase	Banking
5.	China Construction Bank	Banking
6.	Amazon	Retail and Wholesale
7.	Apple	Retail and Wholesale
8.	Agricultural Bank of China	Banking
9.	Bank of America	Banking
10.	Toyota Motor	Automotive (Automotive and Suppliers)
11.	Alphabet	IT, Internet, Software & Services
12.	Microsoft	IT, Internet, Software & Services
13.	Bank of China	Banking
14.	Samsung Group	Semiconductors, Electronics, Electrical Engineering, Technology Hardware & Equipment
15.	ExxonMobil	Oil & Gas Operations
16.	Shell	Construction, Oil & Gas Operations, Mining and Chemicals
17.	Ping An Insurance Group	Insurance
18.	Wells Fargo	Banking
19.	Verizon Communications	Telecommunications Services, Cable Supplier
20.	AT&T	Telecommunications Services, Cable Supplier
21.	PetroChina	Oil & Gas Operations
22.	UnitedHealth Group	Insurance
23.	Walmart	Retailing
24.	China Merchants Bank	Banking
25.	Volkswagen Group	Consumer Durables
26.	Chevron	Construction, Oil & Gas Operations, Mining and Chemicals
27.	Citigroup	Banking
28.	Tencent Holdings	IT Software & Services
29.	Total	Oil & Gas Operations
30.	Postal Savings Bank Of China (PSBC)	Banking
31.	China Mobile	Telecommunications Services
32.	Comcast	Media & Advertising
33.	Alibaba Group	Retailing
34.	Meta Platforms	IT, Internet, Software & Services
35.	Allianz	Insurance
36.	Morgan Stanley	Banking and Financial Services
37.	Goldman Sachs Group	Diversified Financials
38.	HSBC Holdings	Banking
39.	BNP Paribas	Banking
40.	Johnson & Johnson	Drugs & Biotechnology
41.	Mercedes-Benz Group	Consumer Durables
42.	CVS Health	Retailing
43.	Pfizer	Drugs & Biotechnology 
44.	Softbank	Telecommunications Services
45.	Sinopec	Oil & Gas Operations
46.	RBC	Banking and Financial Services
47.	Nestlé	Food, Soft Beverages, Alcohol & Tobacco (including agriculture production)
48.	AXA Group	Insurance
49.	Gazprom	Oil & Gas Operations
50.	BP	Oil & Gas Operations
51.	Intel	Semiconductors, Electronics, Electrical Engineering, Technology Hardware & Equipment
52.	TD Bank Group	Banking and Financial Services
53.	Nippon Telegraph & Tel	Telecommunications Services
54.	Reliance Industries	Oil & Gas Operations
55.	Industrial Bank 	Banking
56.	Sony	Consumer Durables
57.	Santander	Banking and Financial Services
58.	Mitsubishi UFJ Financial	Banking
58.	Taiwan Semiconductor	Semiconductors
60.	Ford Motor	Automotive (Automotive and Suppliers)
61.	LVMH Moët Hennessy Louis Vuitton	Clothing, Shoes, Sports Equipment
62.	Bank of Communications	Banking
63.	Procter & Gamble	Packaged Goods
64.	BMW Group	Automotive (Automotive and Suppliers)
65.	Petrobras	Oil & Gas Operations
66.	Deutsche Telekom	Telecommunications Services, Cable Supplier
67.	AbbVie	Drugs & Biotechnology
68.	Novartis	Drugs & Biotechnology
69.	General Motors	Automotive (Automotive and Suppliers)
70.	Equinor	Oil & Gas Operations
71.	China Life Insurance	Insurance
72.	Roche Holding	Drugs & Biotechnology
73.	AIA Group	Insurance
74.	MetLife	Insurance
75.	BHP Group	Construction, Oil & Gas Operations, Mining and Chemicals
76.	The Home Depot	Retail and Wholesale
77.	American Express	1850
77.	Siemens	Engineering, Manufacturing
79.	Stellantis	Consumer Durables
79.	Zurich Insurance Group	Insurance
81.	Rosneft	Oil & Gas Operations
82.	Rio Tinto	Construction, Oil & Gas Operations, Mining and Chemicals
83.	Brookfield Asset Management	Banking and Financial Services
84.	Cigna	Insurance
85.	Prudential Financial	Banking and Financial Services
86.	PepsiCo	Food, Drink & Tobacco
87.	Merck & Co.	Drugs & Biotechnology
88.	Elevance Health	Drugs & Biotechnology
89.	Bank of Nova Scotia	Banking
90.	American International Group	Insurance
91.	Glencore International	Materials
92.	Cisco Systems	IT, Internet, Software & Services
93.	Anheuser-Busch InBev	Food, Soft Beverages, Alcohol & Tobacco
94.	Walt Disney	Media & Advertising
95.	Chubb	Insurance
95.	CITIC	Trading Companies
95.	Lloyds Banking Group	Banking
98.	IBM	Semiconductors, Electronics, Electrical Engineering, Technology Hardware & Equipment
99.	Sanofi 	Drugs & Biotechnology 
100.	United Parcel Service	Transportation and Logistics
101.	British American Tobacco	Food, Drink & Tobacco
101.	UBS	Banking
103.	Honda Motor	Automotive (Automotive and Suppliers)
104.	Mitsubishi	Trading Companies
105.	China State Construction Engineering	Construction
105.	State Bank of India	Banking
107.	Commonwealth Bank	Banking
108.	Shanghai Pudong Development	Banking
109.	Raytheon Technologies	Aerospace & Defense
110.	Enel	Utilities
111.	Eni	Oil & Gas Operations
112.	Capital One	Banking
113.	Bristol Myers Squibb	Drugs & Biotechnology
114.	Coca-Cola	Food, Soft Beverages, Alcohol & Tobacco
115.	Oracle	IT, Internet, Software & Services
116.	Sberbank	Banking
117.	Bank of Montreal	Banking and Financial Services
118.	Vale	Construction, Oil & Gas Operations, Mining and Chemicals
119.	EDF 	Utilities
120.	Thermo Fisher Scientific	Drugs & Biotechnology
121.	Credit Agricole	Banking and Financial Services
122.	AIRBUS	Engineering, Manufacturing
123.	Costco Wholesale	Retail and Wholesale
124.	Hon Hai Precision 	Technology Hardware & Equipment
125.	Unilever	Packaged Goods
126.	Charter Communications	Media
127.	Sumitomo Mitsui Financial	Banking
128.	ConocoPhillips	Construction, Oil & Gas Operations, Mining and Chemicals
129.	GlaxoSmithKline	Drugs & Biotechnology 
130.	Intesa Sanpaolo	Banking
131.	Manulife	Banking and Financial Services
132.	US Bancorp	Banking
133.	BASF	Chemicals
134.	CNOOC	Oil & Gas Operations
135.	Abbott Laboratories	Drugs & Biotechnology 
136.	Iberdrola	Utilities
137.	China Shenhua Energy	Materials
138.	Itaú Unibanco Holding	Banking
139.	Caterpillar	Engineering, Manufacturing
140.	Mitsui	Trading Companies
141.	Itochu	Trading Companies
142.	Charles Schwab	Banking and Financial Services
143.	Truist Financial	Banking
144.	Enbridge	Utilities
145.	Hitachi	Semiconductors, Electronics, Electrical Engineering, Technology Hardware & Equipment
146.	KDDI	Telecommunications Services
147.	Hyundai Motor	Consumer Durables
148.	China Citic Bank	Banking
148.	Visa	1958
150.	Target	Retail and Wholesale
151.	BBVA-Banco Bilbao Vizcaya	Banking
151.	tesla	Automotive (Automotive and Suppliers)
153.	Deere & Company	Engineering, Manufacturing
154.	HDFC Bank	Banking
155.	Barclays	Banking and Financial Services
156.	Munich Re	Banking and Financial Services
157.	Japan Post Holdings	Insurance
158.	Walgreens	Retail and Wholesale
159.	Danaher	Engineering, Manufacturing
160.	Generali Group	Insurance
161.	Møller-Maersk	Transportation
162.	Lowe's	Retail and Wholesale
163.	FedEx	Transportation and Logistics
164.	Deutsche Post	Transportation
165.	PNC Financial Services	Banking
166.	Broadcom	Semiconductors
167.	LukOil	Oil & Gas Operations
167.	Medtronic	Health Care Equipment & Services
169.	SAP	IT, Internet, Software & Services
170.	SK Hynix	Semiconductors
171.	ENGIE 	Oil & Gas Operations
172.	Lockheed Martin	Aerospace & Defense
173.	BlackRock	Diversified Financials
174.	Westpac Banking Group	Banking
175.	Duke Energy	Utilities
176.	Dell Technologies	Semiconductors, Electronics, Electrical Engineering, Technology Hardware & Equipment
177.	VINCI	Construction, Oil & Gas Operations, Mining and Chemicals
178.	Tokio Marine Holdings	Insurance
179.	América Móvil	Telecommunications Services, Cable Supplier
180.	E.ON	Utilities
181.	Anglo American	Materials
182.	Banco Bradesco	Banking
183.	ING Group	Diversified Financials
184.	Accenture	Professional Services
185.	Honeywell International	Engineering, Manufacturing
186.	Mizuho Financial	Banking
187.	Linde	Chemicals
188.	ArcelorMittal	Materials
189.	Canadian Imperial Bank	Banking
190.	Poly Developments & Holdings Group	Construction
191.	Micron Technology	Semiconductors, Electronics, Electrical Engineering, Technology Hardware & Equipment
192.	ANZ	Banking and Financial Services
193.	Fubon Financial	Insurance
194.	China Telecom	Telecommunications Services
195.	HCA Healthcare	Health Care Equipment & Services
196.	Dow	Construction, Oil & Gas Operations, Mining and Chemicals
196.	Telefónica	Telecommunications Services
198.	China Vanke	Construction
199.	NAB - National Australia Bank	Banking
200.	Cathay Financial	Insurance
201.	Qualcomm	Semiconductors
202.	L'Oréal	Packaged Goods
203.	Allstate	Insurance
204.	SAIC Motor	Consumer Durables
205.	ICICI Bank	Banking
206.	China Everbright Bank	Banking
207.	Gilead Sciences	Drugs & Biotechnology
208.	China Pacific Insurance	Insurance
209.	NVIDIA	Semiconductors, Electronics, Electrical Engineering, Technology Hardware & Equipment
210.	Amgen	Drugs & Biotechnology
211.	Union Pacific	Transportation
212.	Dai-ichi Life Insurance	Insurance
212.	Nike	Clothing, Shoes, Sports Equipment
214.	Takeda Pharmaceutical	Drugs & Biotechnology
215.	Philip Morris International	Food, Drink & Tobacco
216.	PayPal	Banking and Financial Services
217.	China Resources Land	Construction
218.	Oversea-Chinese Banking	Banking
219.	Midea Group	Engineering, Manufacturing
220.	Travelers	Insurance
221.	Eli Lilly	Drugs & Biotechnology
222.	Mondelez International	Food, Drink & Tobacco
223.	McDonald's	Hotels, Restaurants & Leisure
224.	General Electric	Engineering, Manufacturing
225.	Société Générale	Banking and Financial Services
226.	Schneider Electric	Semiconductors, Electronics, Electrical Engineering, Technology Hardware & Equipment
227.	3M	Engineering, Manufacturing
228.	Aflac	Insurance
229.	Oil & Natural Gas	Oil & Gas Operations
230.	Southern Company	Utilities
231.	Deutsche Bank	Banking
232.	PTT 	Oil & Gas Operations
233.	CK Hutchison	Conglomerates
234.	Canadian Natural Resources	Oil & Gas Operations
235.	Sun Life Financial	Banking and Financial Services
236.	Northrop Grumman	Aerospace & Defense
237.	Archer Daniels Midland	Food, Drink & Tobacco
238.	Marathon Petroleum	Oil & Gas Operations
239.	China Minsheng Bank	Banking
240.	Legal & General Group	Insurance
241.	Netflix	Media & Advertising
242.	Progressive	1937
243.	Longfor Group Holdings	Construction
244.	DBS	Banking
245.	Cosco Shipping	Transportation
246.	China Communications Construction	Construction
247.	NatWest Group	Banking
248.	Exelon	Utilities
248.	Humana	Drugs & Biotechnology
250.	General Dynamics	Aerospace & Defense
251.	Power Corp of Canada	Diversified Financials
252.	Qatar National Bank	Banking
253.	Bayer 	Drugs & Biotechnology 
253.	KKR	Diversified Financials
255.	Country Garden Holdings	Construction
256.	NextEra Energy	Utilities
257.	KB Financial Group	Banking
258.	China Railway Group	Construction
259.	HP	IT, Internet, Software & Services
260.	Nordea Bank	Banking
261.	Seven & I Holdings	Food Markets
262.	Suncor Energy	Construction, Oil & Gas Operations, Mining and Chemicals
263.	Salesforce.com	IT, Internet, Software & Services
264.	Air Liquide	Chemicals
265.	Denso	Consumer Durables
266.	Bank of New York Mellon	Banking
267.	Mastercard	1966
268.	Banco do Brasil	Banking
269.	Centene	Drugs & Biotechnology
269.	HDFC	Business Services & Supplies
271.	Freeport-McMoRan	Materials
272.	Merck KGaA, Darmstadt, Germany and its affiliates	Drugs & Biotechnology
273.	CaixaBank	Banking
274.	ABB	Engineering, Manufacturing
274.	Volvo Group	Consumer Durables
276.	Occidental Petroleum	Oil & Gas Operations
277.	National Grid	Utilities
278.	McKesson	Drugs & Biotechnology
279.	Shinhan Financial Group	Diversified Financials
280.	ASML Holding	Semiconductors
281.	Nutrien	Chemicals
282.	Investor AB	Diversified Financials
283.	KIA	Consumer Durables
283.	Saint-Gobain	Construction
285.	Novo Nordisk	Drugs & Biotechnology
285.	Posco	Materials
287.	Diageo	Food, Soft Beverages, Alcohol & Tobacco
288.	Royal Ahold Delhaize N.V.	Food Markets
289.	PICC	Insurance
290.	Dominion Energy	Utilities
291.	Kroger	Food Markets
292.	Baoshan Iron & Steel	Materials
293.	Kweichow Moutai	Food, Drink & Tobacco
293.	Xiaomi  	Technology Hardware & Equipment
295.	Bank of Ningbo	Banking
296.	Ecopetrol	Oil & Gas Operations
297.	LyondellBasell Industries	Chemicals
298.	Contemporary Amperex Technology	Capital Goods
299.	UniCredit	Banking
300.	AmerisourceBergen	Drugs & Biotechnology
301.	EssilorLuxottica	Health Care Equipment & Services
302.	Inditex	Retail and Wholesale
303.	Starbucks	Restaurants
304.	Nucor	Materials
305.	IntercontinentalExchange	Diversified Financials
305.	TJX Cos	Retailing
307.	KBC Group	Banking
307.	Tesco	Retail and Wholesale
309.	BOE Technology Group	Technology Hardware & Equipment
310.	Blackstone	1985
311.	American Electric	Utilities
312.	Macquarie Group	Diversified Financials
313.	Marubeni	Trading Companies
314.	Swiss Re 	Insurance
315.	EOG Resources	Oil & Gas Operations
316.	CNP Assurances	Insurance
317.	Automatic Data Processing	Business Services & Supplies
318.	Phillips 66	Oil & Gas Operations
319.	Tyson Foods	Food, Drink & Tobacco
320.	Repsol 	Oil & Gas Operations
321.	Sumitomo	Trading Companies
322.	Holcim	Construction
323.	Altria Group	Food, Drink & Tobacco
324.	Applied Materials	Semiconductors
325.	Daimler Truck Holding	Transportation
326.	Zijin Mining Group	Materials
327.	The Saudi National Bank	Banking
328.	Richemont	Clothing, Shoes, Sports Equipment
329.	Kering	Clothing, Shoes, Sports Equipment
329.	Saudi Electricity	Utilities
331.	Danone	Food, Soft Beverages, Alcohol & Tobacco
332.	Nippon Steel 	Materials
333.	LG Chem	Chemicals
334.	Discover Financial Services	Banking and Financial Services
335.	Couche Tard	Food Markets
336.	Huaxia Bank	Banking
337.	NN Group	Insurance
338.	Fannie Mae	Business Services & Supplies
339.	Fresenius	Health Care Equipment & Services
340.	Marsh & McLennan	Insurance
341.	Ameriprise Financial	Diversified Financials
341.	Becton Dickinson	Health Care Equipment & Services
343.	Panasonic	Consumer Durables
344.	MS&AD Insurance	Insurance
345.	Orix	Business Services & Supplies
346.	Citic Securities	Diversified Financials
347.	First Abu Dhabi Bank	Banking
348.	BCE	Telecommunications Services
349.	Schlumberger	Oil & Gas Operations
350.	Texas Instruments	Semiconductors, Electronics, Electrical Engineering, Technology Hardware & Equipment
351.	Bank Rakyat Indonesia (BRI)	Banking
352.	Standard Chartered	Banking
353.	CRH	Construction, Oil & Gas Operations, Mining and Chemicals
354.	Bank of Beijing	Banking
355.	Paramount	Media
356.	Bank Of Jiangsu	Banking
357.	DuPont de Nemours	Construction, Oil & Gas Operations, Mining and Chemicals
358.	Gree Electric Appliances	Consumer Durables
359.	Indian Oil	Oil & Gas Operations
360.	Dollar General	Retailing
361.	Kraft Heinz Company	Food, Soft Beverages, Alcohol & Tobacco
362.	Wilmar International	Food, Drink & Tobacco
363.	Freddie Mac	Business Services & Supplies
364.	Hewlett Packard Enterprise	IT, Internet, Software & Services
365.	Japan Tobacco	Food, Drink & Tobacco
366.	Poste Italiane	Insurance
367.	United Overseas Bank	Banking
368.	China Unicom	Telecommunications Services
369.	Valero Energy	Oil & Gas Operations
370.	CSX	Transportation
371.	Danske Bank	Banking
371.	Fortescue Metals Group	Materials
373.	China Railway Construction	Construction
374.	Moderna	Drugs & Biotechnology
374.	Woolworths	Food Markets
376.	Anhui Conch Cement	Construction
377.	Adobe	IT, Internet, Software & Services
378.	Hartford Financial Services	Insurance
379.	State Street	Banking
380.	Al Rajhi Bank	Banking
381.	Power Construction Corporation of China	Construction
382.	Shin-Etsu Chemical	Chemicals
383.	Fiserv	Business Services & Supplies
383.	Regeneron Pharmaceuticals	Drugs & Biotechnology
385.	ENEOS Holdings	Oil & Gas Operations
386.	Tata Consultancy Services	IT Software & Services
387.	Sompo	Insurance
388.	OMV Group	Oil & Gas Operations
388.	Swiss Life Holding	Insurance
390.	Bank Of Shanghai	Banking
391.	American Tower	Telecommunications Services, Cable Supplier
392.	Pioneer Natural Resources	Oil & Gas Operations
393.	Sun Hung Kai Properties	Construction
394.	Wanhua Chemical Group	Chemicals
395.	Sampo	Insurance
396.	China Merchants Shekou Industrial Zone Holdings	Construction
396.	Haier Smart Home	Consumer Durables
398.	Eaton	Capital Goods
399.	SK	Oil & Gas Operations
400.	Johnson Controls International	Business Services & Supplies
401.	JBS	Food, Drink & Tobacco
402.	Saudi Telecom	Telecommunications Services
403.	Jardine Matheson	Conglomerates
404.	Canadian National Railway	Transportation and Logistics
405.	Stryker	Health Care Equipment & Services
406.	Nokia	Telecommunications Services, Cable Supplier
407.	Mitsubishi Electric	Capital Goods
408.	Nissan Motor	Consumer Durables
409.	Tata Steel	Materials
410.	Heineken	Food, Drink & Tobacco
411.	BAE Systems	Aerospace & Defense
412.	Etisalat	Telecommunications Services
413.	BT Group	Telecommunications Services, Cable Supplier
414.	CTBC Financial	Banking
414.	Novatek	Oil & Gas Operations
416.	Greenland Holdings Group	Construction
417.	RWE Group	Utilities
418.	Daikin Industries	Engineering, Manufacturing
419.	Aegon	Insurance
420.	Baidu	IT Software & Services
421.	Ericsson	Semiconductors, Electronics, Electrical Engineering, Technology Hardware & Equipment
422.	Canon	Business Services & Supplies
423.	Lennar	1954
424.	Bank of Nanjing	Banking
425.	Philips	Health Care Equipment & Services
426.	Keurig Dr Pepper	Food, Drink & Tobacco
427.	China Yangtze Power	Utilities
428.	DNB Bank	Banking
429.	Emerson Electric	Capital Goods
430.	Imperial Brands	Food, Drink & Tobacco
431.	Boeing	Aerospace & Defense
432.	General Mills	Food, Soft Beverages, Alcohol & Tobacco
433.	Axis Bank	Banking
434.	National Bank of Canada	Banking and Financial Services
435.	The Estée Lauder Companies	Media & Advertising
436.	CNH Industrial	Capital Goods
437.	Fairfax Financial	Insurance
438.	Adidas	Clothing, Shoes, Sports Equipment
438.	Michelin Group	Automotive (Automotive and Suppliers)
440.	Norfolk Southern	Transportation
441.	Principal Financial Group	Banking and Financial Services
442.	Sempra	Oil & Gas Operations
443.	Fortum	Utilities
444.	Grupo Mexico	Materials
445.	D.R. Horton	1978
445.	L3Harris Technologies	Aerospace & Defense
447.	Naspers	Media
448.	Standard Bank Group	Banking
449.	TC Energy	Oil & Gas Operations
450.	Norilsk Nickel	Materials
451.	Naturgy Energy Group	Oil & Gas Operations
452.	Waste Management	Business Services & Supplies
453.	Henkel	Household & Personal Products
454.	MediaTek	Semiconductors
455.	Recruit Holdings 	Business Services & Supplies
456.	Hengli Petrochemical	Capital Goods
457.	Xcel Energy	Utilities
458.	Corteva	Chemicals
459.	Synchrony Financial	Business Services & Supplies
460.	Toyota Tsusho	Trading Companies
461.	Toyota Industries	Consumer Durables
462.	AstraZeneca	Drugs & Biotechnology
463.	Sunac China Holdings	Construction
464.	China Evergrande Group	Construction
465.	Bridgestone	Consumer Durables
466.	Emirates NBD	Banking
467.	Daiwa House Industry	Construction
468.	JD.com	Retailing
468.	Kinder Morgan	Construction, Oil & Gas Operations, Mining and Chemicals
470.	China National Building	Construction
471.	Fifth Third Bank	Banking
472.	FirstRand	Diversified Financials
473.	Carrefour	Retail and Wholesale
474.	Fujitsu	Semiconductors, Electronics, Electrical Engineering, Technology Hardware & Equipment
475.	SEB AB	Banking
476.	Surgutneftegas	Oil & Gas Operations
477.	New China Life Insurance	Insurance
478.	Barrick Gold	Materials
479.	DSV Panalpina	Transportation
480.	Talanx	Insurance
481.	Vodafone	Telecommunications Services, Cable Supplier
482.	Nintendo	IT, Internet, Software & Services
483.	Hana Financial Group	Banking
484.	Hyundai Mobis	Capital Goods
485.	NTPC	Utilities
486.	Maybank	Banking and Financial Services
487.	CME Group	Diversified Financials
488.	TAQA	Utilities
489.	Pernod Ricard	Food, Soft Beverages, Alcohol & Tobacco
490.	Bank Mandiri	Banking
491.	Femsa	Food, Drink & Tobacco
492.	Paccar	Automotive (Automotive and Suppliers)
493.	Consolidated Edison	Utilities
494.	Mitsui Fudosan	Construction
495.	Evergreen Marine Corp. (Taiwan)	Transportation
496.	Komatsu	Engineering, Manufacturing
497.	Shaanxi Coal Industry	Materials
498.	Lenovo Group	Technology Hardware & Equipment
499.	Fast Retailing	Retailing
500.	London Stock Exchange	Diversified Financials
501.	Vonovia	Construction
502.	Aviva	Insurance
503.	Sherwin-Williams	Construction, Oil & Gas Operations, Mining and Chemicals
504.	Fujifilm Holdings	Consumer Durables
505.	Intuit	IT Software & Services
506.	Lam Research	Semiconductors, Electronics, Electrical Engineering, Technology Hardware & Equipment
507.	Erste Group Bank	Banking and Financial Services
508.	Lincoln National	Insurance
509.	Carrier Global	Capital Goods
510.	DISH Network	Media
511.	China Coal Energy	Materials
512.	Continental	Automotive (Automotive and Suppliers)
513.	VTB Bank	Banking
514.	Murata Manufacturing	Technology Hardware & Equipment
515.	Larsen & Toubro	Construction
516.	Ally Financial	Banking and Financial Services
517.	NetEase	IT Software & Services
518.	Bank Central Asia	Banking
519.	Volvo Car	Consumer Durables
520.	Intact Financial	Insurance
521.	Orsted	Oil & Gas Operations
522.	Cummins	Engineering, Manufacturing
523.	Williams	Construction, Oil & Gas Operations, Mining and Chemicals
524.	Capgemini	IT Software & Services
525.	Prologis	Real Estate
526.	Thales	Aerospace & Defense
527.	Bouygues	Construction
528.	Banorte	Banking
529.	CK Asset Holdings	Construction
529.	Orange	Telecommunications Services
531.	Kuehne & Nagel International	Transportation
532.	Bunge	Food, Drink & Tobacco
533.	Samsung Life Insurance	Insurance
533.	VMware	IT Software & Services
535.	Albertsons	Food Markets
536.	CRRC	Capital Goods
537.	CBRE Group	1906
537.	Toshiba	Conglomerate
539.	Samsung C&T	Trading Companies
540.	Infosys	IT Software & Services
541.	Prudential	Banking and Financial Services
542.	Yankuang Energy Group	Materials
543.	Canadian Pacific Railway	Transportation
544.	Loews	Insurance
545.	Tokyo Electron	Semiconductors
546.	LG Electronics	Semiconductors, Electronics, Electrical Engineering, Technology Hardware & Equipment
547.	CSL	Drugs & Biotechnology
547.	Magna International	Automotive (Automotive and Suppliers)
549.	Analog Devices	Semiconductors, Electronics, Electrical Engineering, Technology Hardware & Equipment
550.	Kubota	Capital Goods
551.	Air Products & Chemicals	Chemicals
551.	Newmont Mining	Materials
551.	TE Connectivity	Technology Hardware & Equipment
554.	Aon	Insurance
555.	TELUS	Telecommunications Services, Cable Supplier
556.	Dollar Tree	Retail and Wholesale
557.	KeyCorp	Banking
558.	WTW	Insurance
559.	China Zheshang Bank	Banking
559.	Wesfarmers	Food Markets
561.	Suzuki Motor	Consumer Durables
562.	Best Buy	Retail and Wholesale
562.	SVB Financial Group	1983
564.	Advanced Micro Devices	Semiconductors, Electronics, Electrical Engineering, Technology Hardware & Equipment
565.	Markel	Banking and Financial Services
566.	Muyuan Foodstuff	Food, Drink & Tobacco
567.	Kimberly-Clark	Packaged Goods
568.	Swedbank	Banking
569.	Cognizant	IT Software & Services
570.	Corning	Engineering, Manufacturing
571.	Infineon Technologies	Semiconductors, Electronics, Electrical Engineering, Technology Hardware & Equipment
572.	Citizens Financial Group	Banking
573.	Devon Energy	Construction, Oil & Gas Operations, Mining and Chemicals
574.	Asahi Group Holdings	Food, Drink & Tobacco
575.	JSW Steel	Materials
575.	Lumen Technologies	Telecommunications Services, Cable Supplier
577.	Regions Financial	1971
578.	Svenska Handelsbanken	Banking and Financial Services
579.	Raymond James Financial	Diversified Financials
580.	BYD	Consumer Durables
581.	Illinois Tool Works	Capital Goods
582.	Pinduoduo	Retailing
583.	Activision Blizzard	Consumer Durables
584.	Liberty Global	Media
585.	Colgate-Palmolive	Packaged Goods
585.	SSE	Utilities
587.	Nan Ya Plastics	Chemicals
587.	Vivendi	Telecommunications Services
589.	Baxter International	Health Care Equipment & Services
590.	Fosun International	Insurance
591.	Weichai Power	Capital Goods
592.	Fidelity National Financial	Insurance
592.	Parker-Hannifin	Capital Goods
594.	Vedanta Limited	Materials
595.	Woori Financial Group	Diversified Financials
596.	Sysco	Business Services & Supplies
597.	Telstra	Telecommunications Services
598.	Credit Suisse Group	Banking
598.	Rogers Communications	Telecommunications Services, Cable Supplier
600.	M&T Bank	Banking
601.	Boston Scientific	Health Care Equipment & Services
602.	Edison International	Utilities
602.	Financiere de l'Odet	Transportation
602.	Sumitomo Mitsui Trust	Banking
605.	Entergy	Utilities
605.	Swisscom	Telecommunications Services
607.	EnBW-Energie Baden	Utilities
608.	Hikvision	Technology Hardware & Equipment
609.	Nippon Yusen	Transportation
610.	Stanley Black & Decker	Semiconductors, Electronics, Electrical Engineering, Technology Hardware & Equipment
611.	Oneok	Oil & Gas Operations
612.	Marriott International	Travel & Leisure
613.	Warner Bros. Discovery	Media
614.	S.F. Holding	Business Services & Supplies
615.	Delta Air Lines	Transportation and Logistics
616.	Bharat Petroleum	Oil & Gas Operations
617.	Halliburton	Oil & Gas Operations
618.	Metallurgical Corp of China	Construction
619.	Northern Trust	Banking
620.	HeidelbergCement	Construction
621.	China Steel	Materials
621.	Eversource Energy	Utilities
623.	Sany Heavy Industry	Capital Goods
624.	Hermès International	Retail and Wholesale
625.	International Paper	Materials
626.	Koç Holding	Oil & Gas Operations
627.	Nidec	Capital Goods
628.	Meituan 	IT Software & Services
629.	Kotak Mahindra Bank	Diversified Financials
630.	Teck Resources	Materials
631.	Southwest Airlines	Transportation and Logistics
632.	Deutsche Boerse	Diversified Financials
633.	Labcorp	Health Care Equipment & Services
634.	China Tower Corp.	Telecommunications Services
635.	Inpex	Oil & Gas Operations
636.	Coca-Cola European Partners	Food, Soft Beverages, Alcohol & Tobacco
637.	Wuliangye Yibin	Food, Drink & Tobacco
638.	Shimao Property Holdings	Construction
639.	Idemitsu Kosan	Oil & Gas Operations
640.	Formosa Petrochemical	Oil & Gas Operations
641.	Crown Castle International	Diversified Financials
642.	FirstEnergy	Utilities
643.	Rongsheng Petrochemical	Household & Personal Products
644.	Hindalco Industries	Materials
645.	Bank Of Hangzhou	Banking
645.	Renault	Consumer Durables
647.	International Holding Company	Food, Drink & Tobacco
648.	Cincinnati Financial	Insurance
649.	Mitsubishi Estate	Construction
650.	Cleveland-Cliffs	Materials
651.	Grupo ACS	Construction
652.	CGN Power	Utilities
653.	ASE Technology Holding	Semiconductors
654.	JFE Holdings	Materials
655.	DTE Energy	Utilities
656.	China Hongqiao Group	Materials
657.	NXP Semiconductors	Semiconductors
658.	Western Digital	Semiconductors, Electronics, Electrical Engineering, Technology Hardware & Equipment
659.	Booking Holdings	IT, Internet, Software & Services
660.	Aeon	Food Markets
661.	First Republic Bank	Banking
662.	Lufax Holding	IT Software & Services
663.	Atlas Copco	Engineering, Manufacturing
664.	Fidelity National Information (FIS)	IT, Internet, Software & Services
665.	Mitsubishi Chemical	Chemicals
666.	Edp-energias De Portugal	Utilities
666.	Kyocera	Technology Hardware & Equipment
668.	Xiamen C&D	Trading Companies
669.	AutoZone	Retail and Wholesale
670.	China Taiping Insurance	Insurance
671.	Cenovus Energy	Construction, Oil & Gas Operations, Mining and Chemicals
671.	Neste	Oil & Gas Operations
673.	Porsche Automobil Holding	Consumer Durables
674.	H&M - Hennes & Mauritz	Clothing, Shoes, Sports Equipment
675.	RELX	Business Services & Supplies
676.	PG&E	Utilities
677.	Republic Services	Utilities
678.	Ross Stores	Retailing
679.	WEC Energy Group	Utilities
680.	Cardinal Health	Retail and Wholesale
681.	CarMax	Retailing
681.	China Development Financial	Banking
683.	Riyad Bank	Banking
684.	Thomson Reuters	Media & Advertising
684.	Transneft	Oil & Gas Operations
686.	Ferguson	Trading Companies
686.	IQVIA	Drugs & Biotechnology
688.	Hong Kong Exchanges	Diversified Financials
689.	PPG 	Construction, Oil & Gas Operations, Mining and Chemicals
690.	Legend Holding	Technology Hardware & Equipment
691.	Ecolab	Business Services & Supplies
691.	Sinopharm Group	Drugs & Biotechnology
693.	Luxshare Precision Industry	Technology Hardware & Equipment
694.	Seazen Group	Construction
695.	Global Payments	Business Services & Supplies
696.	China Energy Engineering	Construction
697.	Safran	Aerospace & Defense
698.	S&P Global	Business Services & Supplies
699.	Huntington Bank	Banking
700.	Arch Capital Group	Insurance
701.	Jackson Financial	Diversified Financials
702.	Bank Leumi	Banking
703.	Trane Technologies	Conglomerates
703.	Veolia Environnement	Utilities
705.	O'Reilly Automotive	Retailing
706.	Biogen	Drugs & Biotechnology
707.	Publicis Groupe	Media
708.	Hanwha	Trading Companies
709.	The Mosaic Company	Construction, Oil & Gas Operations, Mining and Chemicals
710.	Bharti Airtel	Telecommunications Services
711.	Daqin Railway	Transportation
712.	Uber	IT Software & Services
713.	STMicroelectronics	Semiconductors, Electronics, Electrical Engineering, Technology Hardware & Equipment
714.	Gemdale	Construction
715.	Ageas	Insurance
716.	Quanta Computer	Technology Hardware & Equipment
717.	George Weston	Food Markets
717.	Weyerhaeuser	Diversified Financials
719.	Korea Electric Power	Utilities
720.	Fox	Media
721.	Mitsubishi Heavy Industries	Capital Goods
722.	Steel Dynamics	Engineering, Manufacturing
723.	Keyence	Technology Hardware & Equipment
724.	Longi Green Energy Technology	Semiconductors
725.	Reckitt Benckiser Group	Household & Personal Products
726.	Coal India	Materials
727.	Aisin Seiki	Consumer Durables
727.	Digital Realty Trust	Diversified Financials
729.	Tata Motors	Consumer Durables
730.	Resona Holdings	Banking
730.	Simon Property Group	Diversified Financials
732.	Industrial Bank of Korea	Banking
733.	CLP Holdings	Utilities
733.	National Bank of Kuwait 	Banking
735.	SingTel	Telecommunications Services
736.	Coinbase	IT Software & Services
737.	CenterPoint Energy	Utilities
738.	Saudi Arabian Mining	Materials
739.	China Cinda Asset Management	Diversified Financials
740.	Asahi Kasei	Chemicals
741.	NEC	Technology Hardware & Equipment
742.	United Airlines Holdings	Transportation
743.	MGM Resorts	Hotels, Restaurants & Leisure
744.	DSM	Engineering, Manufacturing
745.	Telkom Indonesia	Telecommunications Services
746.	PKN Orlen	Oil & Gas Operations
747.	Guotai Junan Securities	Diversified Financials
748.	Norsk Hydro	Materials
749.	Formosa Plastics	Chemicals
750.	NRG Energy	Utilities
751.	Public Bank	Banking
752.	TCL 	Technology Hardware & Equipment
753.	Huatai Securities	Diversified Financials
754.	Kellogg	Food, Soft Beverages, Alcohol & Tobacco
755.	Inner Mongolia Yili 	Food, Drink & Tobacco
756.	WPP	Media
757.	Omnicom Group	Media
758.	Sekisui House	Construction
759.	Cheniere Energy	Oil & Gas Operations
760.	Sandvik	Capital Goods
761.	Siam Cement	Chemicals
762.	East Japan Railway	Transportation
763.	Abu Dhabi Commercial Bank	Banking
764.	Huishang Bank	Banking
765.	Great Wall Motor 	Consumer Durables
766.	Haitong Securities	Diversified Financials
767.	Dongfeng Motor Group	Consumer Durables
768.	China Reinsurance Group	Insurance
769.	Henderson Land	Construction
770.	Samsung SDI	Technology Hardware & Equipment
771.	Fortis (Canada)	Utilities
772.	SK Telecom	Telecommunications Services
773.	HAL Trust	Diversified Financials
774.	Banco Btg Pactual	Diversified Financials
775.	Baker Hughes Company	Construction, Oil & Gas Operations, Mining and Chemicals
775.	Gallagher	Insurance
777.	Everest Re Group	Insurance
778.	Amphenol	Technology Hardware & Equipment
779.	American Airlines Group	Transportation and Logistics
780.	KLA	IT, Internet, Software & Services
781.	Astellas Pharma	Drugs & Biotechnology
782.	Otsuka Holding	Drugs & Biotechnology
783.	China Bohai Bank	Banking
784.	Kasikornbank	Banking
785.	Bank Hapoalim	Banking
786.	Woodside Petroleum	Oil & Gas Operations
787.	MTR	Transportation
788.	Tatneft	Oil & Gas Operations
789.	Power Finance	Business Services & Supplies
790.	Zoetis	Drugs & Biotechnology
791.	Lonza Group	Drugs & Biotechnology
792.	Eiffage	Construction
792.	Sumitomo Chemical	Chemicals
794.	Vertex Pharmaceuticals	Drugs & Biotechnology
795.	Constellation Energy	Utilities
796.	CIFI Holdings Group	Construction
797.	Raiffeisen Bank International	Banking
798.	Whirlpool	Consumer Durables
799.	Siemens Energy	Capital Goods
800.	WestRock	Materials
801.	Samsung Fire & Marine	Insurance
802.	US Steel	Materials
803.	UPM-Kymmene	Materials
804.	Formosa Chemicals	Chemicals
804.	SK Innovation 	Oil & Gas Operations
806.	Telia	Telecommunications Services
807.	T&D Holdings	Insurance
808.	Mapfre	Insurance
809.	HCL Technologies	IT Software & Services
810.	Sumitomo Realty	Construction
811.	Westlake Chemical	Chemicals
812.	Apollo Global Management	Diversified Financials
813.	United Rentals	Business Services & Supplies
814.	Diamondback Energy	Oil & Gas Operations
815.	Otis Worldwide	Engineering, Manufacturing
816.	Chongqing Rural Bank	Banking
817.	Ball	Materials
818.	Stora Enso	Materials
819.	Yang Ming Marine Transport	Transportation
820.	Phoenix Group Holdings	Insurance
821.	Wipro	IT Software & Services
822.	Power Grid of India	Utilities
823.	Absa Group	Banking and Financial Services
823.	Novolipetsk Steel	Materials
823.	Sumitomo Electric	Capital Goods
826.	St. James's Place	Insurance
827.	Grasim Industries	Construction
827.	Segro	Diversified Financials
829.	Mega Financial Holding	Diversified Financials
830.	Zhongsheng Group Holdings	Retailing
831.	Shin Kong Financial	Insurance
832.	CMS Energy	Utilities
833.	Quinenco	Conglomerates
834.	Evonik Industries	Chemicals
835.	East Money Information  	IT Software & Services
836.	QBE Insurance Group	Insurance
837.	Tenaga Nasional	Utilities
838.	Naver	IT Software & Services
839.	TDK	Technology Hardware & Equipment
840.	Nomura	Diversified Financials
841.	Jinke Property Group	Construction
842.	Tokyo Electric Power	Utilities
843.	CDW	IT, Internet, Software & Services
844.	The Hershey Company	Food, Soft Beverages, Alcohol & Tobacco
845.	ITC	Food, Drink & Tobacco
845.	Pgnig Group	Oil & Gas Operations
847.	MTN Group	Telecommunications Services
848.	Compass Group	Business Services & Supplies
849.	WR Berkley	Insurance
850.	Moody's	Business Services & Supplies
851.	Genuine Parts	Trading Companies
852.	Beijing-Shanghai High-Speed Railway	Transportation
853.	Aluminum Corp of China	Materials
853.	Kansai Electric Power	Utilities
855.	Public Storage	Diversified Financials
856.	China International Travel Service	Business Services & Supplies
857.	Sika	Chemicals
858.	Signature Bank	Banking
859.	T Rowe Price	Diversified Financials
860.	International Flavors & Fragrances	Household & Personal Products
861.	Atlantia	Transportation
862.	Roper Technologies	Conglomerates
863.	Shanghai International Port	Transportation
864.	Daiichi Sankyo	Drugs & Biotechnology
865.	Rakuten	Business Services & Supplies
866.	Franklin Resources	Diversified Financials
867.	Bank of Ireland	Banking
868.	Mitsui OSK Lines	Transportation
868.	Saudi British Bank	Banking
870.	Ameren	Utilities
871.	Chunghwa Telecom	Telecommunications Services, Cable Supplier
872.	Assa Abloy	Capital Goods
873.	ZTE	Telecommunications Services, Cable Supplier
874.	Asr Nederland	Insurance
875.	Conagra Brands	Food, Drink & Tobacco
876.	Commerzbank	Banking
877.	Bajaj Finserv 	Conglomerates
878.	Hyundai Steel	Materials
879.	LG Display	Trading Companies
880.	KT 	Telecommunications Services
880.	Logan Property Holdings	Construction
880.	Public Service Enterprise Group	Utilities
883.	EN+ Group International 	Materials
884.	Isbank	Banking
885.	Expeditors International	Transportation
886.	Ternium	Materials
887.	CEZ Group	Utilities
888.	Isuzu Motors	Consumer Durables
888.	Renesas Electronics	Semiconductors
890.	Universal Music Group	Business Services & Supplies
891.	Unipol Gruppo	Banking and Financial Services
892.	SBI Holdings	Diversified Financials
893.	Techtronic Industries	Consumer Durables
894.	Ferrovial	Transportation
895.	CIMB Group Holdings	Banking
896.	Kone	Construction
897.	E-mart 	Retailing
898.	GF Securities	Diversified Financials
899.	China Merchants Securities	Diversified Financials
900.	Annaly Capital Management	Diversified Financials
901.	Coles Group	Food Markets
902.	Central Japan Railway	Transportation
902.	Sabanci Holding	Diversified Financials
904.	Yuanta Financial Holding	Diversified Financials
905.	AntarChile	Diversified Financials
906.	HMM	Transportation
906.	Seagate Technology	Semiconductors, Electronics, Electrical Engineering, Technology Hardware & Equipment
908.	Alleghany	Insurance
909.	Guosen Securities	Diversified Financials
910.	Avis Budget Group	Travel & Leisure
911.	Jiangxi Copper	Materials
911.	Mitsubishi UFJ Lease	Business Services & Supplies
913.	Sumitomo Metal Mining	Materials
914.	Asustek Computer	Technology Hardware & Equipment
915.	Associated British Foods	Food, Drink & Tobacco
915.	China National Nuclear Power	Utilities
917.	China International Capital	Diversified Financials
918.	China Molybdenum	Materials
919.	Equitable Holdings	Diversified Financials
920.	Covestro	Construction, Oil & Gas Operations, Mining and Chemicals
920.	M&G	Diversified Financials
922.	Shopify	IT, Internet, Software & Services
923.	Shanghai Construction 	Construction
924.	Essity	Household & Personal Products
925.	WW Grainger	Trading Companies
926.	Canara Bank	Banking
927.	Viatris	Drugs & Biotechnology
928.	American Water Works	Utilities
929.	United Microelectronics	Semiconductors
930.	VF	Clothing, Shoes, Sports Equipment
931.	Intuitive Surgical	Health Care Equipment & Services
932.	Snam	Oil & Gas Operations
933.	Vestas Wind Systems	Capital Goods
934.	Subaru	Consumer Durables
935.	Jiangsu Zhongnan Construction Group	Construction
936.	Carlsberg	Food, Drink & Tobacco
937.	Builders FirstSource	Retailing
937.	Semiconductor Manufacturing International	Semiconductors
939.	PKO Bank Polski	Banking
940.	ENN Energy Holdings	Oil & Gas Operations
941.	WH Group 	Food, Drink & Tobacco
942.	Amcor	Engineering, Manufacturing
943.	Korea Gas	Oil & Gas Operations
944.	Jefferies Financial 	Conglomerates
945.	Severstal	Materials
946.	Alexandria Real Estate Equities	Diversified Financials
946.	Julius Baer Group	Banking
946.	Sanlam	Diversified Financials
949.	Emaar Properties	Construction
950.	Joint Stock Commercial Bank for Foreign Trade of Vietnam	Banking
951.	Motorola Solutions	Aerospace & Defense
951.	Shanghai Rural Commercial Bank	Banking
953.	Braskem	Chemicals
954.	Bank of Baroda	Banking
955.	S-Oil	Oil & Gas Operations
956.	Tractor Supply	Retail and Wholesale
957.	Suncorp Group	Insurance
958.	MOL Hungarian Oil	Oil & Gas Operations
959.	Aptiv	Consumer Durables
960.	Voya Financial	Insurance
961.	GS Holdings	Conglomerates
962.	Gerdau (Cosigua)	Materials
963.	Equity Residential	Diversified Financials
964.	Qatar Islamic Bank	Banking
965.	Hormel Foods	Food, Drink & Tobacco
966.	Shenwan Hongyuan Group	Diversified Financials
967.	Reinsurance Group of America	Insurance
968.	Quest Diagnostics	Health Care Equipment & Services
969.	Solvay	Construction, Oil & Gas Operations, Mining and Chemicals
970.	Pembina Pipeline	Oil & Gas Operations
971.	Banque Saudi Fransi	Banking
972.	SMC	Capital Goods
973.	Sasol	Construction, Oil & Gas Operations, Mining and Chemicals
974.	Molson Coors Brewing	Food, Drink & Tobacco
975.	Macy's	Retailing
976.	Bancolombia	Banking
976.	Cintas	Business Services & Supplies
978.	China International Marine	Capital Goods
979.	Huaneng Power International	Utilities
979.	Restaurant Brands International	Hotels, Restaurants & Leisure
981.	Grupa PZU	Insurance
982.	Kao 	Household & Personal Products
983.	Agile Group Holdings	Construction
984.	Arrow Electronics	Trading Companies
985.	Shenzhen Overseas	Business Services & Supplies
985.	Tenet Healthcare	Health Care Equipment & Services
987.	Grupo Aval	Diversified Financials
988.	CP All	Food Markets
989.	Geely Automobile Holdings	Consumer Durables
990.	Centrica	Utilities
990.	Dubai Islamic Bank	Banking
992.	Suzano Papel e Celulose	Materials
993.	Link REIT	Diversified Financials
994.	Yum! Brands	Hotels, Restaurants & Leisure
995.	First Quantum Minerals	Materials
996.	AerCap Holdings	Business Services & Supplies
997.	First Horizon	Banking and Financial Services
998.	Dentsu	Media
998.	Molina Healthcare	Health Care Equipment & Services
1000.	Union Bank of India	Banking
1001.	Toray Industries	Household & Personal Products
1002.	Block	IT Software & Services
1002.	Eletrobrás	Utilities
1004.	China Mengniu Dairy	Food, Drink & Tobacco
1005.	Db Insurance	Insurance
1006.	E.Sun Financial	Banking
1007.	OTP Bank	Banking
1008.	SM Investments	Retailing
1009.	eBay	Retail and Wholesale
1010.	Edwards Lifesciences	Drugs & Biotechnology
1011.	Taiwan Cooperative Financial	Banking
1012.	Constellation Brands	Food, Drink & Tobacco
1013.	China Jinmao	Construction
1014.	Fanuc	Capital Goods
1015.	Yango Group	Construction
1016.	Legrand	Capital Goods
1017.	Shanghai Pharmaceuticals	Drugs & Biotechnology
1018.	AGC	Chemicals
1019.	Shaanxi Construction Engineering Group	Construction
1020.	Hunan Valin Steel	Materials
1021.	Goodman Group	Construction
1022.	iA Financial Corporation	Insurance
1023.	Unum	Insurance
1024.	Anta Sports Products	Household & Personal Products
1025.	Continental Resources	Oil & Gas Operations
1026.	Bâloise Group	Insurance
1027.	Pegatron	Technology Hardware & Equipment
1028.	Jones Lang LaSalle	Construction
1029.	American Financial Group	1959
1029.	Daiwa Securities	Diversified Financials
1031.	Deutsche Lufthansa	Transportation
1031.	Invesco	Diversified Financials
1031.	NASDAQ	1971
1034.	Schindler Holding	Capital Goods
1035.	Comerica	Banking
1036.	Mizrahi Tefahot Bank	Banking
1037.	Bio-Rad Laboratories	Health Care Equipment & Services
1038.	Industries Qatar	Chemicals
1039.	Kakao	IT Software & Services
1040.	Ashtead Group	Business Services & Supplies
1041.	Punjab National Bank	Banking
1042.	Delta Electronics	Technology Hardware & Equipment
1043.	Alcon	Health Care Equipment & Services
1043.	TD SYNNEX	Semiconductors, Electronics, Electrical Engineering, Technology Hardware & Equipment
1045.	Antofagasta	Materials
1045.	PulteGroup	Construction
1045.	Wan Hai Lines	Transportation
1048.	Equinix	Diversified Financials
1048.	Reliance Steel	Materials
1050.	PTT Global Chemical	Chemicals
1051.	Bankinter	Banking
1052.	Teva Pharmaceutical	Drugs & Biotechnology
1053.	C.H. Robinson	Transportation
1054.	Verbund	Utilities
1055.	Zions Bancorp	Banking and Financial Services
1056.	Bank Of Chengdu	Banking
1057.	3i Group	Diversified Financials
1057.	Alinma Bank	Banking
1059.	JDE Peet's	Food & Drink
1060.	Cosmo Energy Holdings	Oil & Gas Operations
1061.	RiseSun Real Estate Development	Construction
1061.	Uni-President	Food, Drink & Tobacco
1063.	Mahindra & Mahindra	Consumer Durables
1064.	Telenor	Telecommunications Services
1065.	UCB	Drugs & Biotechnology
1066.	Interpublic Group	Business Services & Supplies
1067.	Akzo Nobel	Chemicals
1067.	Celanese	Chemicals
1069.	AvalonBay Communities	Diversified Financials
1069.	Randstad N.V.	Business Services & Supplies
1071.	Sibanye Stillwater	Materials
1072.	First Financial Holding	Banking
1073.	Microchip Technology	Semiconductors, Electronics, Electrical Engineering, Technology Hardware & Equipment
1074.	Flex	Technology Hardware & Equipment
1074.	Liberty Media Corporation Series A Liberty Formula One	Media
1076.	Agilent Technologies	Health Care Equipment & Services
1077.	Guangzhou Automobile Group	Consumer Durables
1078.	Rosseti	Utilities
1079.	Beijing Shougang	Materials
1080.	CGI	Professional Services
1081.	Csc Financial	Diversified Financials
1081.	ThyssenKrupp Group	Conglomerates
1083.	Shenzhen Mindray Bio-Medical Electronics	Health Care Equipment & Services
1084.	Hoya	Technology Hardware & Equipment
1085.	Tongwei	Food, Drink & Tobacco
1086.	Kuwait Finance House	Banking
1087.	Grupo Bimbo	Food, Drink & Tobacco
1087.	LKQ	Consumer Durables
1089.	Chubu Electric Power	Utilities
1090.	Lithia Motors	Retailing
1091.	Swire Pacific	Conglomerates
1092.	Unicaja Banco	Banking
1093.	Mazda Motor	Automotive (Automotive and Suppliers)
1094.	Telecom Italia	Telecommunications Services
1095.	China Galaxy Securities	Diversified Financials
1096.	CNPC Capital	Capital Goods
1097.	China Southern Airlines	Transportation
1097.	Dassault Systemes	IT Software & Services
1099.	GD Power Development	Utilities
1100.	Paychex	Business Services & Supplies
1101.	Genworth Financial	Insurance
1101.	Monster Beverage	Food, Drink & Tobacco
1103.	China Longyuan Power	Utilities
1104.	Ovintiv	Oil & Gas Operations
1105.	BDO Unibank	Banking
1106.	AutoNation	Retailing
1106.	China Aoyuan Group	Construction
1108.	Chesapeake Energy	Oil & Gas Operations
1109.	J.B. Hunt Transport Services	Transportation and Logistics
1110.	Mediobanca	Banking
1111.	Credicorp	Banking
1112.	Realty Income	Diversified Financials
1113.	Beijing Enterprises	Conglomerates
1114.	Coterra Energy 	Oil & Gas Operations
1115.	Siam Commercial Bank	Banking
1116.	Nongfu Spring	Food & Drink
1117.	Finatis	Trading Companies
1118.	Greentown China Holdings	Construction
1119.	Meritz Financial Group	Insurance
1120.	TBEA	Capital Goods
1121.	Rockwell Automation	Capital Goods
1122.	West Fraser Timber Co.	Materials
1123.	Helvetia Holding	Insurance
1124.	Chow Tai Fook Jewellery	Consumer Durables
1125.	Givaudan	Construction, Oil & Gas Operations, Mining and Chemicals
1126.	Polyus	Materials
1127.	Lululemon Athletica	Clothing, Shoes, Sports Equipment
1128.	Bath & Body Works	Retail and Wholesale
1128.	Jabil Circuit	Technology Hardware & Equipment
1130.	Innolux	Technology Hardware & Equipment
1131.	Partners Group Holding	Diversified Financials
1132.	Luzhou Lao Jiao	Food, Drink & Tobacco
1132.	Scor	Insurance
1134.	Dover	Conglomerates
1135.	East West Bancorp	Banking
1136.	J Sainsbury	Retail and Wholesale
1137.	Kaisa Group Holdings	Construction
1138.	China Huarong Asset Management	Diversified Financials
1139.	AU Optronics	Technology Hardware & Equipment
1139.	Ulta Beauty	Retail and Wholesale
1141.	Korea Investment Holdings	Diversified Financials
1142.	Itaúsa	Semiconductors, Electronics, Electrical Engineering, Technology Hardware & Equipment
1143.	BAIC Motor	Consumer Durables
1144.	Cellnex Telecom	Telecommunications Services
1145.	AES	Utilities
1145.	Evraz Group	Materials
1145.	Leonardo	Aerospace & Defense
1148.	Impala Platinum Holdings	Materials
1149.	Lotte Chemical	Chemicals
1150.	Foshan Haitian Flavouring and Food	Food, Drink & Tobacco
1151.	Rolls-Royce Holdings	Engineering, Manufacturing
1152.	Sodexo	Business Services & Supplies
1153.	Altice USA	Media
1153.	Bank Negara Indonesia	Banking
1155.	DaVita	Health Care Equipment & Services
1156.	Old Mutual	Diversified Financials
1156.	Yum China Holdings	Hotels, Restaurants & Leisure
1158.	Penske Automotive	Retailing
1158.	Yamaha Motor	Consumer Durables
1160.	Kingfisher	Retailing
1161.	Storebrand	Insurance
1162.	Darden Restaurants	Restaurants
1163.	Hess	Oil & Gas Operations
1164.	CJ Corporation	Food, Drink & Tobacco
1165.	Falabella	Retailing
1166.	Coupang	Retailing
1167.	CapitaLand Investment	Construction
1167.	Fastighets Balder	Construction
1169.	Welltower	Diversified Financials
1170.	Kajima	Construction
1171.	Steel Authority of India	Materials
1172.	Caesars Entertainment	Travel & Leisure
1173.	New World Development	Construction
1174.	Textron	Aerospace & Defense
1175.	Cemex	Construction
1176.	Hexagon 	Conglomerates
1177.	ZIM Integrated Shipping Services	Transportation
1178.	China National Chemical	Construction
1179.	Fastenal	Trading Companies
1180.	Chongqing Zhifei Biological Products	Drugs & Biotechnology
1180.	Secom	Business Services & Supplies
1182.	Angang Steel	Materials
1182.	STO Express	Construction
1184.	Zoom Video Communications	IT Software & Services
1185.	Magnitogorsk Iron & Steel	Materials
1186.	NVR	Construction
1187.	Evergy	Utilities
1188.	Alpha Dhabi Holding	Construction
1188.	Kirin Holdings	Food, Drink & Tobacco
1190.	Bank of Changsha	Banking
1190.	Voestalpine	Materials
1192.	China Resources Pharmaceutical Group	Drugs & Biotechnology
1193.	Kuaishou Technology	IT Software & Services
1194.	BBMG	Construction
1195.	Suning.com	Retailing
1196.	National Bank of Greece	Banking
1197.	Targa Resources	Oil & Gas Operations
1198.	Olympus	Technology Hardware & Equipment
1198.	Umicore	Materials
1200.	Expedia Group	Business Services & Supplies
1200.	Hua Nan Financial	Diversified Financials
1202.	Jiangsu Yanghe Brewery	Food, Drink & Tobacco
1202.	Kerry Group	Food, Drink & Tobacco
1204.	Beiersdorf	Household & Personal Products
1205.	Leidos	IT, Internet, Software & Services
1206.	Eastman	Chemicals
1207.	Vistra Energy	Utilities
1208.	Tohoku Electric Power	Utilities
1209.	Banca Mediolanum	Insurance
1210.	PGE Polska Grupa Energetyczna	Utilities
1211.	TransDigm Group	Aerospace & Defense
1212.	Experian	Business Services & Supplies
1212.	Mirae Asset Financial Group	Diversified Financials
1214.	EQT AB	Diversified Financials
1215.	GAIL India	Oil & Gas Operations
1216.	Inner Mongolia Baotou Steel	Materials
1217.	Towngas	Oil & Gas Operations
1218.	ON Semiconductor Corp.	Semiconductors
1218.	Terna	Utilities
1220.	Carnival Corporation	Travel & Leisure      
1221.	VICI Properties	Diversified Financials
1222.	Chipotle Mexican Grill	Hotels, Restaurants & Leisure
1223.	Toppan Printing	Business Services & Supplies
1224.	Shanghai Electric Group	Capital Goods
1224.	Turkish Airlines	Transportation
1226.	Ferrari	Consumer Durables
1227.	Old Republic International	Insurance
1228.	Jeronimo Martins	Food Markets
1229.	Zimmer Biomet	Health Care Equipment & Services
1230.	Alcoa	Materials
1231.	Santos	Oil & Gas Operations
1232.	Alstom	Capital Goods
1233.	Kyushu Electric Power	Utilities
1234.	Goodyear	Automotive (Automotive and Suppliers)
1234.	Tenaris	Materials
1236.	Bluescope Steel	Materials
1236.	Petronas Chemicals	Chemicals
1238.	Illumina	Drugs & Biotechnology
1238.	Synopsys	IT Software & Services
1240.	Datang International Power	Utilities
1241.	Top Frontier Investment Holdings	Oil & Gas Operations
1242.	Arkema	Chemicals
1243.	Nippon Paint	Chemicals
1244.	Kobe Steel	Materials
1245.	Bank of Greece	Banking
1246.	Bank Of Guiyang	Banking
1246.	HD HYUNDAI	Capital Goods
1248.	Royal Mail	Transportation and Logistics
1249.	Eurofins Scientific Societe Europeenne	Health Care Equipment & Services
1250.	Lundbergs	Diversified Financials
1251.	Guangzhou R&F	Construction
1252.	China Gas Holdings	Utilities
1252.	Shanxi Xinghuacun Fen Wine Factory	Food, Drink & Tobacco
1254.	Hologic	Health Care Equipment & Services
1255.	Western Alliance Bancorp.	Banking
1256.	Wuchan Zhongda Group	Trading Companies
1257.	Metro	Food Markets
1258.	Raizen	Retailing
1259.	Old Dominion Freight Line	Transportation and Logistics
1260.	Israel Discount Bank	Banking
1261.	Bangkok Bank	Banking
1262.	Akbank	Banking
1263.	Mitsui Chemicals	Chemicals
1264.	Midea Real Estate Holding	Construction
1265.	Sharp	Consumer Durables
1266.	KPN	Telecommunications Services
1267.	Kohl's	Retailing
1268.	Chongqing Changan Auto	Consumer Durables
1269.	Canadian Tire	Retail and Wholesale
1269.	Vienna Insurance Group	Insurance
1271.	New Hope Liuhe	Food, Drink & Tobacco
1272.	Sichuan Road & Bridge	Construction
1273.	Copart	Business Services & Supplies
1273.	Dick's Sporting Goods	Retail and Wholesale
1275.	Jiangsu Hengrui Medicine	Drugs & Biotechnology
1276.	Universal Health Services	Health Care Equipment & Services
1277.	Grupo Inbursa	Banking
1278.	Dongguan Rural Commercial Bank	Banking
1279.	Dassault Aviation	Aerospace & Defense
1280.	Yara International	Chemicals
1281.	Banco de Sabadell	Banking
1281.	Olam Group	Food, Drink & Tobacco
1283.	Wuxi Apptec	Drugs & Biotechnology
1284.	Popular	Banking
1285.	Hydro One	Utilities
1285.	SG Holdings	Transportation
1285.	Sojitz	Trading Companies
1288.	Goertek	Technology Hardware & Equipment
1289.	Frontier Communications Parent	Telecommunications Services
1290.	Samhallsbyggnadsbolaget I Norden	Construction
1290.	Schaeffler	Consumer Durables
1292.	Migdal Insurance	Insurance
1293.	Inter Rao	Utilities
1293.	Nedbank	Banking
1295.	Hopson Development Holdings	Construction
1296.	Ametek	Conglomerates
1297.	LG 	Chemicals
1297.	Skanska	Construction, Oil & Gas Operations, Mining and Chemicals
1299.	HBIS	Materials
1300.	Banco BPM	Banking
1301.	China Fortune Land Development	Construction
1302.	Adyen	IT Software & Services
1303.	Air France-KLM	Transportation and Logistics
1304.	Jacobs Engineering	Construction, Oil & Gas Operations, Mining and Chemicals
1305.	China Resources Power	Utilities
1305.	PPL	Utilities
1307.	AIB Group	Banking
1308.	Transurban Group	Transportation
1309.	Tourmaline Oil	Oil & Gas Operations
1310.	Arab National Bank	Banking
1311.	Marvell Technology	Semiconductors
1312.	Skyworks Solutions	Semiconductors
1313.	Arista Networks	Technology Hardware & Equipment
1314.	China Three Gorges Renewables (Group)	Utilities
1315.	Electronic Arts	Media & Advertising
1316.	Flutter Entertainment	Hotels, Restaurants & Leisure
1317.	Brighthouse Financial	Insurance
1317.	International Airlines	Transportation
1319.	Boliden	Materials
1320.	CF Industries Holdings	Construction, Oil & Gas Operations, Mining and Chemicals
1320.	Krung Thai Bank	Banking
1322.	DiDi Global	IT Software & Services
1323.	Hyundai Marine & Fire	Insurance
1324.	CSN	Materials
1325.	APA	Oil & Gas Operations
1326.	SSAB AB	Materials
1326.	Teleperformance	Business Services & Supplies
1328.	Campbell Soup	Food, Drink & Tobacco
1329.	Sofina	Diversified Financials
1330.	Bunzl	Trading Companies
1331.	CJ Cheiljedang	Food, Drink & Tobacco
1332.	Magnit PJSC	Food Markets
1333.	Huadian Power International	Construction
1334.	NARI Technology Development	Capital Goods
1335.	Marathon Oil	Oil & Gas Operations
1336.	Eurazeo	Diversified Financials
1337.	Tokyo Gas	Oil & Gas Operations
1338.	Guangzhou Rural Commercial Bank	Banking
1339.	Heimstaden AB Pref. Shs	Construction
1340.	Keysight Technologies	Semiconductors, Electronics, Electrical Engineering, Technology Hardware & Equipment
1341.	Schroders	Diversified Financials
1341.	StoneX Group	Diversified Financials
1343.	Aurubis	Materials
1344.	Garmin	Semiconductors, Electronics, Electrical Engineering, Technology Hardware & Equipment
1345.	Compal Electronics	Technology Hardware & Equipment
1345.	ENN Natural Gas	Chemicals
1347.	Phoenix Holdings	Insurance
1348.	McCormick	Food, Drink & Tobacco
1349.	Indian Bank	Banking
1350.	IDEXX Laboratories	Health Care Equipment & Services
1350.	Smurfit Kappa Group	Materials
1352.	Xinjiang Daqo New Energy	Materials
1353.	Halkbank	Banking
1354.	Waste Connections	Business Services & Supplies
1355.	Swatch Group	Consumer Durables
1356.	South32	Materials
1357.	China Overseas Grand Oceans Group	Construction
1358.	Tokyo Century	Business Services & Supplies
1359.	Japan Exchange Group	Diversified Financials
1360.	Terumo	Health Care Equipment & Services
1361.	LEG Immobilien AG	Construction
1362.	Sun Pharma Industries	Drugs & Biotechnology
1363.	Brown-Forman	Food, Soft Beverages, Alcohol & Tobacco
1364.	Assurant	Insurance
1365.	Ajinomoto	Food, Drink & Tobacco
1366.	Indorama Ventures	Chemicals
1367.	Taishin Financial Holdings	Diversified Financials
1367.	Zoomlion Heavy Industry	Capital Goods
1369.	XCMG Construction Machinery	Capital Goods
1370.	Powerlong Real Estate 	Construction
1370.	Yuexiu Property 	Construction
1372.	Sonic Healthcare	Health Care Equipment & Services
1373.	NetApp	Technology Hardware & Equipment
1373.	Wolters Kluwer	Media
1375.	Galp Energia	Oil & Gas Operations
1376.	NEXON	IT Software & Services
1376.	Royal Caribbean Group	Hotels, Restaurants & Leisure
1378.	Extra Space Storage	Diversified Financials
1378.	Shengjing Bank	Banking
1380.	X5 Retail Group	Food Markets
1381.	Cadence Design	IT Software & Services
1381.	VakifBank	Banking
1383.	AGCO	Capital Goods
1383.	Shanxi Taigang Stainless	Materials
1385.	Grupo Elektra	Retailing
1385.	SDIC Power Holdings	Utilities
1387.	Zhongliang Holdings 	Construction
1388.	Wuestenrot & Wuerttembergische	Diversified Financials
1389.	MSCI	Business Services & Supplies
1390.	BPER Banca	Banking
1391.	Obayashi	Construction
1392.	BNK Financial Group	Banking
1392.	Oji Holdings	Materials
1394.	Spotify Technology	IT, Internet, Software & Services
1395.	Coloplast	Health Care Equipment & Services
1396.	Brenntag	Trading Companies
1397.	Wens Foodstuff Group	Food, Drink & Tobacco
1398.	First American Financial	Insurance
1399.	Euronext	Diversified Financials
1400.	Masraf Al Rayan	Banking
1401.	MercadoLibre	IT Software & Services
1401.	Packaging Corp of America	Materials
1403.	Mitsubishi Materials	Materials
1404.	Wharf Real Estate Investment	Diversified Financials
1405.	Berry Global Group	Engineering, Manufacturing
1405.	Maanshan Iron & Steel	Materials
1407.	PerkinElmer	Health Care Equipment & Services
1408.	Navient	Diversified Financials
1408.	RTL Group	Media
1410.	Kesko	Food Markets
1411.	Samsung Securities	Diversified Financials
1412.	Quanta Services	Construction
1413.	Beijing Capital Development	Construction
1413.	Far East Horizon	Business Services & Supplies
1415.	Faurecia	Automotive (Automotive and Suppliers)
1416.	Indian Railway Finance	Business Services & Supplies
1417.	Liberty Broadband	Telecommunications Services
1418.	Xiamen International Trade Group	Trading Companies
1419.	AirBnB	IT, Internet, Software & Services
1419.	China Grand Automotive Services	Retailing
1421.	China Eastern Airlines	Transportation
1422.	Adecco	Business Services & Supplies
1422.	AGNC Investment	Diversified Financials
1424.	Westinghouse Air Brake Technologies	Capital Goods
1425.	Kawasaki Kisen Kaisha	Transportation
1426.	Empire	Food Markets
1426.	Guangdong Haid Group	Food, Drink & Tobacco
1426.	Shimano	Consumer Durables
1429.	Attijariwafa Bank	Banking
1429.	Chailease Holding	Business Services & Supplies
1431.	Henry Schein	Health Care Equipment & Services
1432.	Epiroc	Capital Goods
1432.	Suntory Beverage & Food	Food, Drink & Tobacco
1434.	Mettler-Toledo International	Conglomerates
1435.	Wendel	Diversified Financials
1436.	Osaka Gas	Oil & Gas Operations
1437.	Thor Industries	Consumer Durables
1438.	Williams-Sonoma	Retail and Wholesale
1439.	Xiamen Xiangyu	Transportation
1440.	Rivian	Automotive
1441.	KION Group	Transportation and Logistics
1441.	Sino-Ocean Group Holding	Construction
1443.	Olin	Chemicals
1444.	Kimco Realty	Diversified Financials
1445.	Bank of Chongqing	Banking
1445.	Fortinet	Technology Hardware & Equipment
1447.	Church & Dwight	Packaged Goods
1448.	Wistron	Technology Hardware & Equipment
1449.	ServiceNow	IT Software & Services
1450.	Align Technology	Health Care Equipment & Services
1451.	Mohawk Industries	Consumer Durables
1452.	SS&C Technologies	IT Software & Services
1453.	Adani Enterprises	Conglomerate
1454.	Advance Auto Parts	Retailing
1455.	West Japan Railway	Transportation
1456.	Franco-Nevada	Materials
1457.	Unicharm	Household & Personal Products
1458.	XP	IT Software & Services
1459.	Duke Realty	Diversified Financials
1460.	Valeo	Consumer Durables
1461.	AVIC Capita	Diversified Financials
1462.	Ahli United Bank	Banking
1462.	UGI	Oil & Gas Operations
1464.	Teradyne	Semiconductors
1465.	Avery Dennison	Materials
1466.	SGS	Business Services & Supplies
1467.	Covivio	Diversified Financials
1468.	First Citizens Bank (NC)	1898
1468.	Ningxia Baofeng Energy Group	Materials
1470.	Metalurgica Gerdau	Materials
1471.	Charoen Pokphand Foods	Food, Drink & Tobacco
1472.	IndusInd Bank	Banking
1473.	Orient Securities	Diversified Financials
1474.	Brookfield Renewable	Utilities
1474.	Verisk Analytics	Insurance
1476.	Ventas	Diversified Financials
1477.	Cooper Companies	Health Care Equipment & Services
1478.	Erdemir	Materials
1479.	Gartner	Business Services & Supplies
1480.	SLM	Business Services & Supplies
1481.	Atmos Energy	Utilities
1482.	BCI-Banco Credito	Banking
1483.	Lotte Shopping	Retailing
1484.	China CSSC Holdings	Capital Goods
1485.	Synovus	Banking
1486.	Iida Group Holdings	Construction
1487.	Thai Beverage	Food, Drink & Tobacco
1488.	Equifax	Business Services & Supplies
1488.	Kingspan Group PLC	Construction
1490.	Newcrest Mining	Materials
1491.	Kerry Properties	Construction
1492.	Globe Life	Insurance
1493.	Bank of Jinzhou	Banking
1494.	Bank of East Asia	Banking
1495.	Marfrig Global Foods	Food, Drink & Tobacco
1496.	Vipshop Holdings	Retailing
1497.	Acciona	Construction
1498.	Hilton	Travel & Leisure
1498.	Sinotruk Hong Kong	Capital Goods
1500.	BorgWarner	Automotive (Automotive and Suppliers)
1501.	Nu Holdings	IT Software & Services
1502.	Adient	Consumer Durables
1503.	Unibail-Rodamco	Construction
1504.	Zebra Technologies	Technology Hardware & Equipment
1505.	VeriSign	IT Software & Services
1506.	KakaoBank	Banking
1507.	Hyundai Glovis	Transportation
1508.	A2A	Utilities
1509.	JM Smucker	Food, Soft Beverages, Alcohol & Tobacco
1510.	Incyte	Drugs & Biotechnology
1511.	Geberit	Construction
1511.	Zhongyuan Bank	Banking
1513.	Performance Food Group	Food, Drink and Tobacco
1514.	Advanced Info Service	Telecommunications Services, Cable Supplier
1515.	Martin Marietta Materials	Construction
1516.	Boston Properties	Diversified Financials
1516.	KGHM Polska Miedz	Materials
1518.	Agility	Transportation
1518.	Fukuoka Financial Group	Banking
1520.	Wharf (Holdings)	Conglomerates
1521.	Amerco	Business Services & Supplies
1522.	Gecina	Diversified Financials
1522.	Mondi	Materials
1524.	Halyk Bank	Banking
1525.	Bank of India	Banking
1525.	RHB Bank	Banking
1527.	Commercial Bank of Qatar 	Banking
1528.	Virgin Money UK	Banking
1529.	Las Vegas Sands	Hotels, Restaurants & Leisure
1529.	US Foods	Food, Soft Beverages, Alcohol & Tobacco
1531.	FleetCor Technologies 	Business Services & Supplies
1531.	Nitori Holdings	Retailing
1531.	Sonova Holding	Health Care Equipment & Services
1534.	Keppel	Conglomerates
1535.	Crown Holdings	Engineering, Manufacturing
1535.	Rexel	Retail and Wholesale
1537.	Alliant Energy	Utilities
1538.	SinoPac Financial	Banking
1539.	B3	Diversified Financials
1540.	Shiseido	Packaged Goods
1541.	China Nuclear Engineering Corporation	Construction
1542.	Ingersoll Rand	Capital Goods
1542.	Mebuki Financial Group	Banking
1544.	Concordia Financial Group	Banking
1545.	WEG	Capital Goods
1546.	Wheaton Precious Metals	Materials
1547.	Aroundtown 	Construction
1548.	Medipal Holdings	Drugs & Biotechnology
1549.	Phosagro	Chemicals
1550.	Huafa Industrial	Construction
1550.	Tongkun Group	Materials
1552.	Scentre Group	Diversified Financials
1553.	NIPPON EXPRESS HOLDINGS	Transportation
1553.	Taisei	Construction
1555.	Kumho Petrochemical	Chemicals
1556.	Globalfoundries	Semiconductors
1557.	Atlassian	IT Software & Services
1558.	All Nippon Airways	Transportation
1559.	Chiba Bank	Banking
1560.	Vietin Bank	Banking
1561.	EQT	Oil & Gas Operations
1562.	West Pharmaceutical Services	Drugs & Biotechnology
1563.	China Everbright International	Business Services & Supplies
1563.	Hoa Phat Group	Materials
1565.	Nine Dragons Paper Holdings	Materials
1566.	Adani Ports & Special Economic Zone	Transportation
1566.	Bank of Guizhou	Banking
1568.	New Residential Investment	Diversified Financials
1569.	Kingdom Holding	Diversified Financials
1570.	Adani Green Energy	Utilities
1571.	Fortive	Technology Hardware & Equipment
1571.	Rocket Companies	Business Services & Supplies
1573.	Banca MPS	Banking
1573.	Knorr-Bremse	Consumer Durables
1575.	HNA Technology	Transportation
1575.	Oriental Land	Media
1577.	News Corp	Media
1578.	China Resources Gas Group	Oil & Gas Operations
1579.	Momentum Metropolitan Holdings	Diversified Financials
1579.	Royalty Pharma	Drugs & Biotechnology
1581.	Avantor	Chemicals
1581.	OneMain Holdings	Business Services & Supplies
1583.	Vulcan Materials	Construction
1584.	Hokuhoku Financial Group	Banking
1585.	Kiwoom Securities	Diversified Financials
1586.	Palo Alto Networks	Technology Hardware & Equipment
1587.	Chugoku Electric Power	Utilities
1588.	DXC Technology	Business Services & Supplies
1588.	Metro Group	Food Markets
1588.	Shionogi	Drugs & Biotechnology
1591.	Snowflake	IT Software & Services
1592.	Owens Corning	Construction
1593.	Harel Insurance Investments & Financial Services	Insurance
1593.	Inner Mongolia Yitai Coal	Materials
1593.	NH Investment & Securities	Diversified Financials
1596.	Quilter	Diversified Financials
1597.	HF Sinclair	Oil & Gas Operations
1597.	Korea Shipbuilding & Offshore Engineering	Capital Goods
1599.	Samsung Electro-Mechanics	Technology Hardware & Equipment
1600.	Invitation Homes	Diversified Financials
1601.	ZTO Express (Cayman)	Transportation
1602.	Tingyi Holding	Food, Drink & Tobacco
1603.	Workday	IT Software & Services
1604.	Shizuoka Bank	Banking
1605.	Check Point Software	IT Software & Services
1606.	Commercial Bank For Investment & Development Of Vietnam	Banking
1606.	Qorvo	Semiconductors
1608.	Kaspi.kz JSC	Diversified Financials
1608.	Stifel Financial	Diversified Financials
1608.	YPF 	Oil & Gas Operations
1611.	Bank Albilad	Banking
1612.	Evolution Gaming Group AB	Hotels, Restaurants & Leisure
1613.	LG Innotek Co.,	Technology Hardware & Equipment
1614.	NiSource	Oil & Gas Operations
1615.	AB Sagax	Construction
1615.	SDIC Capital	Household & Personal Products
1617.	Hachijuni Bank	Banking
1617.	Sumitomo Forestry Co.,	Construction
1619.	Kyushu Financial Group	Banking
1619.	Trip.com Group	Business Services & Supplies
1621.	China Northern Rare Earth High-Tech	Materials
1622.	Snap	IT Software & Services
1623.	K+S	Chemicals
1624.	Bank of Tianjin	Banking
1624.	Investec	Diversified Financials
1626.	Nishi-nippon Financial Holdings	Banking
1627.	Commercial International Bank	Banking
1627.	NortonLifeLock	IT Software & Services
1629.	CrowdStrike	IT Software & Services
1630.	Japan Securities	Business Services & Supplies
1631.	Clal Insurance Enterprises 	Insurance
1632.	Xinyu Iron & Steel	Capital Goods
1633.	Interactive Brokers Group	Diversified Financials
1633.	Sino Biopharmaceutical	Drugs & Biotechnology
1635.	LG Household & Health Care	Household & Personal Products
1636.	Dai Nippon Printing	Business Services & Supplies
1636.	North Pacific Bank	Banking
1638.	Aena	Transportation
1639.	Nitto Denko	Chemicals
1640.	World Fuel Services	Trading Companies
1641.	Akelius Residential Property	Construction
1641.	Hong Leong Financial	Business Services & Supplies
1643.	Bank of Kyoto	Banking
1644.	Meritz Securities	Diversified Financials
1644.	Shinsei Bank	Banking
1646.	China Development Bank Financial Leasing	Banking
1647.	BOK Financial	Banking and Financial Services
1647.	Yamaguchi Financial	Banking
1649.	China Communications Services	Telecommunications Services
1649.	Ganfeng Lithium	Chemicals
1649.	Usiminas	Materials
1652.	Banco Comercial Portugues	Banking and Financial Services
1652.	New York Community Bancorp	Banking
1654.	Castellum	Construction
1655.	Wacker Chemie	Chemicals
1656.	Rajesh Exports	Consumer Durables
1657.	Bawag Group	Banking
1657.	Sinotrans Ltd.	Transportation
1659.	Will Semiconductor	Semiconductors
1660.	DexCom	Health Care Equipment & Services
1661.	CPI Property Group	Construction
1661.	Harbin Bank	Banking
1661.	Kingboard Holdings	Chemicals
1664.	Autodesk	IT, Internet, Software & Services
1664.	China Shipbuilding Industry	Capital Goods
1666.	Ceconomy	Retail and Wholesale
1666.	Hirogin Holdings	Banking
1668.	Twitter	IT Software & Services
1669.	Jyske Bank	Banking
1670.	Hengyi Petrochemical 	Chemicals
1671.	Cerner	Health Care Equipment & Services
1672.	Gunma Bank	Banking
1672.	Sahara International Petrochemical	Chemicals
1674.	Bank of Zhengzhou	Banking
1675.	China Merchants Port Holdings	Transportation
1676.	WPG Holdings	Trading Companies
1677.	Sunny Optical Technology Group	Technology Hardware & Equipment
1678.	Zheshang Development Group	Construction
1679.	Bank Pekao	Banking
1679.	Singapore Airlines	Transportation
1679.	United Natural Foods	Food Markets
1682.	Uniqa	Insurance
1683.	Next	Clothing, Shoes, Sports Equipment
1684.	China Resources Beer (Holdings)	Food Markets
1685.	STRABAG	Construction
1686.	Asian Paints	Chemicals
1686.	Chang Hwa Bank	Banking
1686.	Huntsman	Chemicals
1689.	Doosan	Trading Companies
1689.	SBA Communications	Diversified Financials
1691.	Datadog	IT Software & Services
1691.	LG Uplus	Telecommunications Services
1691.	Organon	Drugs & Biotechnology
1691.	PBF Energy	Construction, Oil & Gas Operations, Mining and Chemicals
1695.	Iveco Group	Consumer Durables
1696.	Arca Continental	Food, Drink & Tobacco
1696.	Shanghai Commercial & Savings Bank	Banking
1698.	Piraeus Financial Holdings	Banking
1699.	Daishi Hokuetsu Financial Group	Banking
1699.	ResMed	Health Care Equipment & Services
1701.	BJ's Wholesale Club	Retailing
1701.	PVH	Household & Personal Products
1703.	77 Bank	Banking
1704.	Petro Rabigh	Oil & Gas Operations
1705.	Adani Transmission	Utilities
1706.	Zalando	Clothing, Shoes, Sports Equipment
1707.	Eurobank Ergasias	Banking
1707.	Pool	Trading Companies
1709.	Chugoku Bank	Banking
1709.	M3	Health Care Equipment & Services
1711.	Sumec Corporation	Conglomerates
1712.	Aramark	Hotels, Restaurants & Leisure
1712.	China Industrial Securities	Diversified Financials
1712.	Focus Media Information Technology	Media
1715.	Ramsay Health Care	Health Care Equipment & Services
1716.	Cullen/Frost Bankers	Banking
1717.	Live Nation Entertainment	Travel & Leisure
1718.	Emera	Utilities
1719.	Hoshine Silicon Industry	Chemicals
1720.	Qinghai Salt Lake Industry	Chemicals
1721.	Starwood Property Trust	Diversified Financials
1722.	Nexi S.p.A.	IT Software & Services
1723.	AECOM Technology	Construction
1723.	Alpha Bank	Banking
1723.	BayWa	Construction, Oil & Gas Operations, Mining and Chemicals
1726.	SQM	Chemicals
1727.	FMC	Chemicals
1728.	Shaw Communications	Telecommunications Services, Cable Supplier
1729.	Bausch Health Companies	Health Care Equipment & Services
1729.	Tech Mahindra	IT Software & Services
1731.	Var Energi ASA	Oil & Gas Operations
1732.	Bank of Qingdao	Banking
1732.	Mitsubishi Motors	Consumer Durables
1734.	Moscow Exchange	Diversified Financials
1735.	Rite Aid	Retailing
1736.	Waters	Health Care Equipment & Services
1737.	Li Ning	Household & Personal Products
1738.	Abu Dhabi Islamic Bank	Banking
1739.	Jiangxi Bank	Banking
1739.	Mercuries & Associates	Insurance
1741.	BeiGene	Drugs & Biotechnology
1742.	Pan Pacific International Holdings	Retailing
1743.	EXOR	Diversified Financials
1744.	Daito Trust Construction	Construction
1744.	Synnex Technology Intl	Trading Companies
1746.	Adani Total Gas	Oil & Gas Operations
1746.	WuXi Biologics	Drugs & Biotechnology
1748.	Johnson Matthey	Chemicals
1749.	Bayan Resources	Materials
1750.	Burlington Stores	Retailing
1750.	Credito Emiliano	Banking
1752.	Alfresa Holdings	Drugs & Biotechnology
1752.	Bandai Namco Holdings	Consumer Durables
1752.	FAW Jiefang Group	Consumer Durables
1755.	Constellation Software	IT, Internet, Software & Services
1756.	Bajaj Auto	Consumer Durables
1756.	Chewy	Retail and Wholesale
1758.	Shandong Hualu-Hengsheng Chemical	Chemicals
1759.	Avenue Supermarts	Retailing
1760.	Lindt & Sprungli	Food, Soft Beverages, Alcohol & Tobacco
1761.	SKF Group	Engineering, Manufacturing
1762.	Iyo Bank	Banking
1763.	Juroku  Financial Group	Banking
1764.	Akamai Technologies	IT, Internet, Software & Services
1764.	EMS-Chemie Holding	Drugs & Biotechnology
1766.	Medical Properties Trust	Diversified Financials
1767.	Taiwan Business Bank	Banking
1768.	Zhejiang Chint Electrics	Capital Goods
1769.	Newell Brands	Consumer Durables
1770.	First Pacific	Diversified Financials
1771.	Bank of Jiujiang	Banking
1772.	DGB Financial Group	Banking
1772.	Power Assets Holdings	Utilities
1774.	Xinyi Glass Holdings	Consumer Durables
1775.	Toll Brothers	Construction
1776.	PIK Group	Diversified Financials
1777.	Foot Locker	Clothing, Shoes, Sports Equipment
1778.	Bank of Suzhou	Banking
1779.	Hyundai Engineering	Construction
1780.	American Equity Investment	Insurance
1781.	Advantest	Semiconductors
1782.	Avnet	Trading Companies
1783.	Hyakugo Bank	Banking
1784.	Lucid Motors	Automotive
1785.	CSPC Pharmaceutical Group	Drugs & Biotechnology
1786.	ATOS	IT Software & Services
1786.	Manpower	Business Services & Supplies
1788.	Hotai Motor	Consumer Durables
1788.	Smoore International Holdings	Food, Drink & Tobacco
1790.	Clorox	Packaged Goods
1790.	DCC	Conglomerates
1790.	Gjensidige Forsikring	Insurance
1793.	Ford Otosan	Consumer Durables
1794.	Bank of Queensland	Banking
1795.	Fortune Brands Home & Security	Construction
1795.	Lear	Consumer Durables
1795.	Service Corp Intl	Business Services & Supplies
1798.	Korea Zinc	Materials
1798.	Qingdao Rural Commercial Bank	Banking
1800.	Tosoh	Chemicals
1801.	DoorDash	IT Software & Services
1802.	Cloudflare	Business Services & Supplies
1803.	Jointown Pharmaceutical Group	Health Care Equipment & Services
1803.	Showa Denko	Chemicals
1805.	Kawasaki Heavy Industries	Conglomerates
1806.	Deutsche Pfandbriefbank	Banking
1807.	NIO	Consumer Durables
1807.	Ultrapar Participacoes	Oil & Gas Operations
1809.	American National Group	Insurance
1810.	Ogaki Kyoritsu Bank	Banking
1811.	Bendigo & Adelaide Bank	Banking
1812.	Tongling Nonferrous Metals	Materials
1813.	Electric Power Development	Utilities
1814.	Salzgitter	Materials
1814.	Suzuken	Drugs & Biotechnology
1816.	Shiga Bank	Banking
1817.	Sartorius	Health Care Equipment & Services
1818.	Tsim Sha Tsui Properties	Construction
1819.	Qilu Bank	Banking
1820.	Horizon Therapeutics Public Limited Company	Drugs & Biotechnology
1821.	Prysmian	Capital Goods
1822.	Crescent Point Energy	Oil & Gas Operations
1823.	Info Edge India	IT Software & Services
1824.	FinecoBank	Banking
1825.	Hubei Biocause Pharmaceutical	Chemicals
1825.	ICON (Ireland)	Drugs & Biotechnology
1827.	Yunnan Copper Co. Ltd.	Materials
1828.	Booz Allen Hamilton Holding	Business Services & Supplies
1829.	Red Eléctrica	Utilities
1830.	Senshu Ikeda Holdings	Banking
1831.	Banca Popolare di Sondrio	Banking
1831.	Zhejiang Expressway Co. Ltd.	Transportation
1833.	WSP	Construction
1834.	LPL Financial Holdings	Diversified Financials
1834.	Mid-america Apartment Communities	Diversified Financials
1834.	Titan (India)	Consumer Durables
1837.	Beijing Oriental Yuhong Waterproof Technology	Chemicals
1837.	Sistema	Telecommunications Services
1839.	Wayfair	Retail and Wholesale
1839.	Zscaler	Business Services & Supplies
1841.	Dangote Cement	Construction
1841.	Ricoh	Semiconductors, Electronics, Electrical Engineering, Technology Hardware & Equipment
1843.	Trade Desk	Media
1844.	Chr. Hansen Holding	Chemicals
1845.	JD Sports Fashion	Retailing
1846.	Aeroports de Paris	Transportation
1846.	Banque Cantonale Vaudoise	Banking
1848.	Amadeus IT Group 	IT, Internet, Software & Services
1849.	Bank of Lanzhou	Banking
1850.	Digital China Group	Telecommunications Services
1850.	Korean Air	Transportation
1850.	San-In Godo Bank	Banking
1853.	CPFL Energia	Utilities
1854.	Airports of Thailand	Transportation
1855.	Nanto Bank	Banking
1856.	Toho Bank	Banking
1856.	Veeva Systems	IT Software & Services
1858.	Aier Eye Hospital Group	Health Care Equipment & Services
1859.	Keiyo Bank	Banking
1860.	Abrdn	Insurance
1860.	Kyndryl Holdings	Business Services & Supplies
1860.	Qurate Retail Group	Retail and Wholesale
1863.	Cosco Shipping Development	Transportation
1863.	Huaibei Mining Holdings	Capital Goods
1863.	Inventec	Technology Hardware & Equipment
1866.	Hanwa	Trading Companies
1866.	PT Saratoga Investama Sedaya	Diversified Financials
1866.	Saputo	Food, Soft Beverages, Alcohol & Tobacco (including agriculture production)
1866.	Shimizu	Construction
1870.	E-L Financial	Insurance
1871.	Basler Kantonalbank	Banking
1872.	Snap-on	Consumer Durables
1873.	Luzerner Kantonalbank	Banking
1874.	Zhangzhou Pientzehuang Pharmaceutical	Drugs & Biotechnology
1875.	Kinnevik	Diversified Financials
1875.	Vietnam Technological & Commercial Joint Stock Bank	Banking
1877.	FIBI Holdings	Banking
1878.	WESCO International	Automotive (Automotive and Suppliers)
1878.	Yunnan Yuntianhua	Chemicals
1880.	SITC International Holdings	Transportation
1881.	Anhui Water Resources Development	Utilities
1881.	Tokyo Kiraboshi Financial Group	Banking
1883.	Tenneco	Consumer Durables
1884.	PacWest Bancorp	Banking
1885.	Bank Of Gansu	Banking
1886.	Barry Callebaut	Food, Drink & Tobacco
1886.	Grupa LOTOS	Oil & Gas Operations
1888.	Yunnan Energy New Material	Consumer Durables
1889.	SCA	Household & Personal Products
1890.	ACWA Power	Utilities
1891.	F&F	Consumer Durables
1891.	PennyMac Financial Services	2008
1893.	Aareal Bank	Diversified Financials
1893.	Essex Property Trust	Diversified Financials
1893.	Nanjing Iron & Steel	Materials
1893.	Samsung SDS	IT Software & Services
1897.	Aozora Bank	Banking
1898.	Electrolux Group	Consumer Durables
1899.	Azrieli Group	Construction
1899.	Brown & Brown	Insurance
1901.	Times Property Holdings	Construction
1902.	Gold Fields	Materials
1903.	Commerce Bancshares	1865
1904.	TMB Bank	Banking
1905.	China Aviation Oil	Oil & Gas Operations
1906.	Nippon Steel Trading	Trading Companies
1907.	Webster Financial	Banking
1908.	Novatek Microelectronics Corp.	Semiconductors
1908.	Persimmon	Construction
1910.	Seagen	Drugs & Biotechnology
1911.	Commercial Metals	Materials
1912.	MongoDB	Business Services & Supplies
1913.	Bank of Xi'an	Banking
1913.	Grifols	Drugs & Biotechnology
1915.	Murphy USA	Retailing
1916.	Cencosud	Retailing
1917.	Ares Management	1997
1917.	Kiyo Bank 	Banking
1919.	Shandong Iron and Steel	Materials
1920.	Parkland	Trading Companies
1921.	Central Bank of India	Banking
1922.	Galaxy Entertainment	Hotels, Restaurants & Leisure
1923.	Teledyne Technologies	Aerospace & Defense
1924.	Dexus	Diversified Financials
1925.	Palantir Technologies	IT Software & Services
1926.	Rothschild & Co.	Diversified Financials
1926.	Wintrust Financial	Banking
1928.	CoStar Group	IT Software & Services
1929.	Banque Centrale Populaire	Banking
1929.	Mr. Cooper Group	1994
1931.	Xiamen Xinde	Transportation
1932.	Ayala Corp	Conglomerate
1932.	Shanghai Fosun Pharmaceutical	Drugs & Biotechnology
1932.	Shenzhen Inovance Technology	Capital Goods
1935.	Genmab	Drugs & Biotechnology
1936.	Ansys	IT Software & Services
1937.	TMX Group	Diversified Financials
1938.	Gap	Clothing, Shoes, Sports Equipment
1939.	Hyakujushi Bank	Banking
1940.	ASM International	Semiconductors
1940.	Tokyu Fudosan	Construction
1942.	Albemarle	Construction, Oil & Gas Operations, Mining and Chemicals
1943.	Bradespar	Diversified Financials
1944.	Aristocrat Leisure	Consumer Durables
1945.	Hainan Airlines Holding	Transportation
1945.	Metropolitan Bank & Trust	Banking
1947.	Robert Half International	Business Services & Supplies
1948.	Shanghai Yuyuan Tourist Mart	Retailing
1949.	Bread Financial Holdings	Business Services & Supplies
1949.	Healthpeak Properties	Diversified Financials
1949.	Steris	Health Care Equipment & Services
1949.	Yamada Denki	Retailing
1953.	XPO	Transportation and Logistics
1954.	Hera	Utilities
1954.	Intco Medical Technology	Health Care Equipment & Services
1956.	ADNOC Drilling	Oil & Gas Operations
1956.	Hokkoku Financial Holdings	Banking
1956.	Shenzhou International Group Holdings	Household & Personal Products
1959.	Far Eastern New Century	Capital Goods
1959.	Farfetch	IT Software & Services
1959.	Huali Industrial Group	Household & Personal Products
1959.	Jindal Steel & Power	Materials
1963.	Mashreq Bank	Banking
1964.	Zall Smart Commerce Group	Construction
1965.	FCC	Construction
1965.	VEON	Telecommunications Services
1967.	AviChina Industry & Technology	Aerospace & Defense
1967.	Masco	Construction
1967.	Weihai City Commercial Bank	Banking
1970.	Cadence Bank	Banking
1970.	Yamato Holdings	Transportation
1972.	Musashino Bank	Banking
1972.	Pinnacle Bank	Banking and Financial Services
1974.	Jinshang Bank	Banking
1974.	Seiko Epson	Business Services & Supplies
1976.	Ampol 	Oil & Gas Operations
1976.	JB Financial Group	Banking
1976.	Tapestry	Retailing
1979.	Logitech International	Technology Hardware & Equipment
1980.	Fertiglobe	Chemicals
1980.	WT Microelectronics	Trading Companies
1982.	Group 1 Automotive	Retailing
1983.	Unity Software	IT Software & Services
1984.	China Petroleum Engineering	Oil & Gas Operations
1984.	Li Auto	Consumer Durables
1986.	Swedish Match	Food, Drink & Tobacco
1986.	Twilio	IT Software & Services
1986.	Whitecap Resources	Oil & Gas Operations
1989.	EFG International	Banking
1989.	Grandjoy Holdings Group	Diversified Financials
1991.	Kloeckner & Co	Materials
1992.	Match Group	IT Software & Services
1993.	Onex	Diversified Financials
1993.	Wingtech Technology	Technology Hardware & Equipment
1995.	Aperam	Materials
1995.	Shenzhen Feima International Supply Chain	Business Services & Supplies
1997.	NMDC	Materials
1997.	Sichuan Changhong Electric	Consumer Durables
1999.	Satellite Chemical	Chemicals
2000.	Sun Communities	Business Services & Supplies
